term,npar,AIC,BIC,logLik,deviance,statistic,df,p.value,p.adj
TTRnullTimepointWA,8,117.125375338273,133.328188864155,-50.5626876691367,101.125375338273,NA,NA,NA,NA
TTRmodelWA,9,97.4371241017707,115.665289318387,-39.7185620508854,79.4371241017707,21.6882512365026,1,3.20749731069891e-06,1.28299892427956e-05
TTRnullTimepointME,9,115.963491204786,134.812592264785,-48.981745602393,97.9634912047859,NA,NA,NA,NA
TTRmodelME,10,98.7620732484828,119.705518870704,-39.3810366242414,78.7620732484828,19.2014179563031,1,1.17625986572921e-05,4.70503946291682e-05
TTRnullIntensityME,9,96.8177642579397,115.666865317939,-39.4088821289699,78.8177642579397,NA,NA,NA,NA
TTRmodelME,10,98.7620732484828,119.705518870704,-39.3810366242414,78.7620732484828,0.0556910094568934,1,0.813440874859539,1
TTRnullTimepointNH,8,96.083046757331,106.740682838733,-40.0415233786655,80.083046757331,NA,NA,NA,NA
TTRmodelNH,9,97.6759197594107,109.665760350988,-39.8379598797054,79.6759197594107,0.40712699792023,1,0.523431341442735,1
