term,contrast,null.value,estimate,std.error,df,statistic,p.value,population
timepoint,timepoint0 - timepoint22,0,-0.678019416929102,0.134708695721853,29.0370370369011,-5.03322679575994,2.30526217992877e-05,WA
timepoint,timepoint0 - timepoint22,0,-0.541030154802405,0.106238174892158,31.0344827583475,-5.09261529908249,1.64225205701169e-05,ME
genotype,CC - CT,0,0.336752681521922,0.139841564344772,32.1428571612202,2.40810150472627,0.0219443440849107,ME
