term,contrast,null.value,estimate,std.error,df,statistic,p.value,population
timepoint,timepoint0 - timepoint22,0,-0.683717438678653,0.136208275891057,29.5666838497434,-5.01964681812366,2.28648336626517e-05,WA
timepoint,timepoint0 - timepoint22,0,-0.541030154802405,0.106238174782914,31.0344827379138,-5.09261530431919,1.64225203513129e-05,ME
genotype,CC - CT,0,0.457392111250206,0.164162009335741,39.1304349278405,2.7862238839606,0.00818194781602372,ME
genotype,CC - CT,0,-3.12042411622272,0.882557010763764,8,-3.53566294093829,0.00766828231593449,NH
