group1,group2,p.value
tank11,tank10,0.0120845701122758
tank12,tank10,1
tank12,tank11,0.00123880779618829
tank13,tank10,3.1328556399201e-71
tank13,tank11,1.05706786906739e-70
tank13,tank12,3.8340230977933e-72
