treatment,term,contrast,null.value,estimate,std.error,df,statistic,adj.p.value
No Pulse,day,day1 - day2,0,0.199280040962421,0.191819518095277,52.3636241551608,1.03889345016203,0.555959625620318
No Pulse,day,day1 - day5,0,-0.770431719902994,0.191819518095277,52.3636241551604,-4.01644070193275,0.000548050245025578
No Pulse,day,day2 - day5,0,-0.969711760865414,0.191819518095275,52.3636241551599,-5.05533415209481,1.65219934860072e-05
Pulse,day,day1 - day2,0,0.0196230880922187,0.191819518095275,52.3636241551601,0.102299746590293,0.994247588718108
Pulse,day,day1 - day5,0,0.0962303902998086,0.191819518095275,52.3636241551599,0.501671525689121,0.870825750768893
Pulse,day,day2 - day5,0,0.0766073022075898,0.191819518095275,52.3636241551599,0.399371779098827,0.915982599984081
