timepoint,term,contrast,null.value,estimate,std.error,df,statistic,p.value
0,treatment,0C - 5C,0,0.0353604132978471,0.133066725912421,177.478451885119,0.265734450557684,0.790752159567696
1,treatment,0C - 5C,0,0.486948722315391,0.109670334785026,92.1189131650351,4.44011339319696,2.4933759635651e-05
2,treatment,0C - 5C,0,0.938537031332934,0.115978913939162,74.8259069760628,8.09230746741823,8.08040332107945e-12
3,treatment,0C - 5C,0,1.39012534035048,0.148247536185241,108.720322719158,9.37705526932644,1.1521532178556e-15
4,treatment,0C - 5C,0,1.84171364936802,0.19392331693564,154.354783788148,9.4971232880637,3.9373492975474e-17
5,treatment,0C - 5C,0,2.29330195838557,0.24563768252751,186.92491218536,9.3361162456364,2.97792856341289e-17
