"","timepoint","term","treatment","estimate","std.error","df","statistic","p.value"
"1",0,"treatment","0C - 5C",0.039657897412581,0.136015919840756,212.622600959939,0.291568056584932,0.770901158729929
"2",1,"treatment","0C - 5C",0.783751103292085,0.170412212573364,232.306221556329,4.59914868457371,6.97270490254401e-06
"3",2,"treatment","0C - 5C",1.79107316617482,0.316105180368073,227.357350816584,5.66606711123586,4.39808706733377e-08
"4",3,"treatment","0C - 5C",1.31795192340538,0.25765409902129,234.289395600668,5.11519874285594,6.51942952655529e-07
"5",4,"treatment","0C - 5C",1.82463016469934,0.264265206212729,234.473435111653,6.90454180801442,4.68147363104268e-11
"6",5,"treatment","0C - 5C",2.03629955370684,0.311427918068248,226.892581114755,6.53859026620918,4.05953522948647e-10
