timepoint,term,contrast,null.value,estimate,std.error,df,statistic,p.value
0,treatment,0C - 5C,0,0.0464796504520605,0.133711415447416,176.746453368779,0.347611685184347,0.72854543471816
1,treatment,0C - 5C,0,0.478816395253915,0.110339841342475,95.4452710732178,4.33946967322306,3.54997690711871e-05
2,treatment,0C - 5C,0,0.911153140055769,0.116175239636081,78.7074182467454,7.8429202548663,1.80010733547929e-11
3,treatment,0C - 5C,0,1.34348988485762,0.147797698804841,113.749790966415,9.09005955926032,3.70174680343328e-15
4,treatment,0C - 5C,0,1.77582662965948,0.192917860733524,159.319889366711,9.20509186089521,1.86500013938882e-16
5,treatment,0C - 5C,0,2.20816337446133,0.244164104565924,190.651538297229,9.04376742186169,1.73313132040764e-16
