,tank,meanTemp,sdTemp
1,1,1.54228220858896,0.31281391747185
2,2,1.65753067484663,0.314621227387376
3,3,1.78075920245399,0.29707777275351
4,5,5.28273159509202,0.35931026268131
5,6,5.46609355828221,0.223679498647334
6,7,5.40642024539877,0.272878226789069
