treatment,term,contrast,null.value,estimate,std.error,df,statistic,adj.p.value
No Pulse,day,day1 - day2,0,0.199446488666788,0.194797020512527,52.4547784012616,1.02386827140389,0.565282149232641
No Pulse,day,day1 - day5,0,-0.738859602347366,0.200877917789039,54.7183137098093,-3.67815243447174,0.00153607011343848
No Pulse,day,day2 - day5,0,-0.938306091014154,0.200844884121603,54.6963653513204,-4.67179482871992,5.83380120990906e-05
Pulse,day,day1 - day2,0,0.0256776269283465,0.19512082680302,52.5587897622162,0.13159859636239,0.990499495315913
Pulse,day,day1 - day5,0,0.107598019107158,0.196072360202937,52.8559359044664,0.548766888896494,0.847552265003611
Pulse,day,day2 - day5,0,0.0819203921788119,0.195114731532988,52.5540584293839,0.419857545020692,0.907581467614625
