day,term,contrast,null.value,estimate,std.error,df,statistic,p.value
1,treatment,No Pulse - Pulse,0,-0.100103206446189,0.190923317139691,7.36642563482619,-0.524311058208503,0.615465675021115
2,treatment,No Pulse - Pulse,0,0.139933328847125,0.159639824633735,3.20486942835137,0.876556518200748,0.441478864660393
5,treatment,No Pulse - Pulse,0,0.860042934727068,0.222279211590007,13.9236708770211,3.86920094135214,0.00171799307859942
