day,term,contrast,null.value,estimate,std.error,df,statistic,p.value
1,treatment,No Pulse - Pulse,0,0.116220605956128,0.21918885999821,9.468078477694,0.530230441260004,0.608161537589108
2,treatment,No Pulse - Pulse,0,-0.0634363469140736,0.21918885999821,9.46807847769406,-0.289414101221165,0.778502414088851
5,treatment,No Pulse - Pulse,0,0.982882716158931,0.21918885999821,9.46807847769408,4.48418188847261,0.00134219843388315
