treatment,term,contrast,null.value,estimate,std.error,df,statistic,adj.p.value
No Pulse,day_factor,day_factor1 - day_factor2,0,0.199446488656038,0.194797001088086,52.4549293955211,1.02386837344508,0.565282075805245
No Pulse,day_factor,day_factor1 - day_factor5,0,-0.738859602961082,0.200129457606275,54.7238390876801,-3.69190828675845,0.00147188605569959
No Pulse,day_factor,day_factor2 - day_factor5,0,-0.93830609161712,0.200101614283431,54.7018366531938,-4.6891480359977,5.49281467111529e-05
Pulse,day_factor,day_factor1 - day_factor2,0,0.0256776268936547,0.195085829656386,52.5588558430676,0.131622204128726,0.990496103370092
Pulse,day_factor,day_factor1 - day_factor5,0,0.10759801908566,0.195941581530269,52.855942141582,0.549133156144494,0.847365796805981
Pulse,day_factor,day_factor2 - day_factor5,0,0.0819203921920054,0.19508386760774,52.5541369415052,0.419923970118968,0.907553679689634
