day,term,treatment,estimate,std.error,df,statistic,p.value
1,treatment,No Pulse - Pulse,0.076866688991363,0.221098451864548,12.8449504922252,0.347658196351615,0.73372762783149
2,treatment,No Pulse - Pulse,-0.0969021727470787,0.221307958577997,12.7840726480078,-0.43786122003799,0.668793760700597
5,treatment,No Pulse - Pulse,0.923324310445887,0.222722870106066,13.2943879118982,4.1456196662973,0.00109920620041171
