timepoint,term,contrast,null.value,estimate,std.error,df,statistic,p.value
0,treatment,1.5C - 5C,0,0.0622955530765703,0.127247689052389,245.438181400791,0.489561370744602,0.624881572705444
1,treatment,1.5C - 5C,0,0.493885810923645,0.0983724599834445,118.264508910971,5.0205698933092,1.8405878010809e-06
2,treatment,1.5C - 5C,0,0.92547606877072,0.0911485187543723,68.0389206516365,10.153495431612,2.90184805538923e-15
3,treatment,1.5C - 5C,0,1.35706632661779,0.109930474086755,96.1226406921687,12.3447691633425,1.53522956000857e-21
4,treatment,1.5C - 5C,0,1.78865658446487,0.144938300213097,167.041302199497,12.3408138624165,2.77367482299522e-25
5,treatment,1.5C - 5C,0,2.22024684231194,0.187283895939523,233.612895237955,11.8549800086864,1.08077856582151e-25
