timepoint,term,contrast,null.value,estimate,std.error,df,statistic,p.value
0,treatment,1.5C - 5C,0,0.0528327258485888,0.129000337107694,250.913052713273,0.409554944065629,0.682481868399942
1,treatment,1.5C - 5C,0,0.482591951286099,0.100218170870949,124.560309204943,4.81541368288924,4.17851336388382e-06
2,treatment,1.5C - 5C,0,0.912351176723608,0.0931966849301364,72.9947911277553,9.78952392359814,6.26171382797436e-15
3,treatment,1.5C - 5C,0,1.34211040216112,0.112102220770348,103.429703446499,11.9722017364005,3.01477587820254e-21
4,treatment,1.5C - 5C,0,1.77186962759863,0.147266897949774,177.380292189486,12.03168975694,9.21152256122539e-25
5,treatment,1.5C - 5C,0,2.20162885303614,0.189861834164433,243.679816951976,11.5959527238601,4.75935120039765e-25
