,tank,meanTemp,sdTemp
1,1,22.5716638176638,0.382430989478131
2,2,22.5569401709402,0.380388545796844
