,tank,meanTemp,sdTemp
1,1,30.1322087912088,0.099474977167671
2,2,29.6959175824176,0.279633656987298
