,tank,meanTemp,sdTemp
1,1,30.2175274725275,0.130223042037708
2,2,29.8542362637363,0.31307830768671
