,tank,meanTemp,sdTemp
1,1,30.2219764705882,0.130931300154894
2,2,29.9213588235294,0.182985289151737
